,subj_idx,variable,value,bin
0,0,v,3.511095871551885,
1,0,b,0.47357964712828643,
2,0,noise,1.0,
3,0,a,5.0,
4,0,u,52.25870550425875,0
5,0,u,46.635785365482974,1
6,0,u,58.15648720328536,2
7,0,z,0.42105455726278074,
8,0,t,0.06183989527339118,
9,0,pmixturecoef,0.05,
10,0,rate,1.0,
11,0,bic,15229.149914711039,
