,subj_idx,variable,value,bin
0,0,v,3.6289074864871425,
1,0,b,-0.3281307686848377,
2,0,noise,1.0,
3,0,a,4.875077794078214,
4,0,u,54.33358285142218,0
5,0,u,67.14186450719288,1
6,0,u,89.58043344951932,2
7,0,z,0.5738667328339271,
8,0,t,0.17356712304613275,
9,0,pmixturecoef,0.05,
10,0,rate,1.0,
11,0,bic,14898.135457777667,
