,subj_idx,variable,value,bin
0,0,v,0.9135890147163956,
1,0,b,-0.29235341233455897,
2,0,noise,1.0,
3,0,a,0.974426080721503,
4,0,z,0.5107226155391833,0
5,0,z,0.5018469742280526,1
6,0,z,0.4790983880101765,2
7,0,t,0.7568608719541722,
8,0,pmixturecoef,0.05,
9,0,rate,1.0,
10,0,bic,13503.833046227857,
