,subj_idx,variable,value,bin
0,0,v,0.9071096237689602,
1,0,b,0.36879015415597105,
2,0,noise,1.0,
3,0,a,0.9924138330754151,
4,0,z,0.5064125776695736,0
5,0,z,0.4936502235446849,1
6,0,z,0.4799442052756037,2
7,0,t,0.7692263722635877,
8,0,pmixturecoef,0.05,
9,0,rate,1.0,
10,0,bic,13238.516377360324,
