,v,b0,b1,b2,b3,b4,noise,a,u,z,t,pmixturecoef,rate,bic
0,0.5669677942854708,-0.04916124838717732,0.006114050564196152,0.022446738877556396,0.061777909364594034,0.07964247206895962,1.0,1.2549999293296719,2.4460132178827245,0.48069032197506184,0.4079473549461997,0.05,1.0,73558.80388870355
