,v,b,noise,a,u0,u1,u2,u3,u4,z,t,pmixturecoef,rate,bic
0,0.6195744548231849,-0.1393116165863739,1.0,0.9999999219788654,24.80388688098175,16.70471472212075,37.13681649813316,18.036273547996167,4.517324155417976,0.5137564624450485,0.4728136212271097,0.05,1.0,75858.2533095839
