,v,b,noise,a,u,z0,z1,z2,z3,z4,t,pmixturecoef,rate,bic
0,0.6280695916331677,-0.06956108384949301,1.0,1.1799999751709649,2.7090972400045694,0.49064315969302835,0.514533025272288,0.5022003032864117,0.5220036304413427,0.5472509089616621,0.4495701784942876,0.05,1.0,73795.95351925875
