,v,b0,b1,b2,b3,b4,noise,a,u,z0,z1,z2,z3,z4,t,pmixturecoef,rate,bic
0,0.6667960652845036,-0.0719431538679016,-0.01668812743425408,-0.010293511464947428,-0.024021120280472923,-0.05514452550881139,1.0,0.9449999286991262,11.937573998895829,0.48528449285625996,0.4677386932660624,0.48574166037702615,0.4857430925668811,0.5253185752801072,0.5035954790119553,0.05,1.0,76157.07799452262
